Project ID,Project Name,Project Type,Location,Start Date,End Date,Project Status,Priority,Task ID,Task Name
P001,Renovation of a School Project 001,Renovation,Texas,21/07/2024,08/08/2024,Behind,Medium,T001,Task 001 of Renovation of a School Project 001
P001,Renovation of a School Project 001,Renovation,New Jersey,21/07/2024,12/08/2024,Behind,High,T002,Task 002 of Renovation of a School Project 001
P001,Renovation of a School Project 001,Renovation,Ohio,21/07/2024,10/08/2024,Behind,High,T003,Task 003 of Renovation of a School Project 001
P002,Innovation of a Classroom Project 002,Innovation,Pennsylvania,04/06/2024,12/07/2025,On Track,High,T001,Task 001 of Innovation of a Classroom Project 002
P002,Innovation of a Classroom Project 002,Innovation,New York,04/06/2024,26/06/2025,On Track,Medium,T002,Task 002 of Innovation of a Classroom Project 002
P002,Innovation of a Classroom Project 002,Innovation,California,04/06/2024,25/03/2025,On Track,Low,T003,Task 003 of Innovation of a Classroom Project 002
P003,Construction of a Hospital Wing Project 003,Construction,Pennsylvania,20/07/2024,22/08/2024,Completed,Low,T001,Task 001 of Construction of a Hospital Wing Project 003
P003,Construction of a Hospital Wing Project 003,Construction,Virginia,20/07/2024,25/09/2024,Completed,Medium,T002,Task 002 of Construction of a Hospital Wing Project 003
P003,Construction of a Hospital Wing Project 003,Construction,Ohio,20/07/2024,22/08/2024,Completed,Medium,T003,Task 003 of Construction of a Hospital Wing Project 003
P004,Road Expansion Project 004,Infrastructure,Pennsylvania,25/04/2024,06/05/2024,Completed,Medium,T001,Task 001 of Road Expansion Project 004
P004,Road Expansion Project 004,Infrastructure,Texas,25/04/2024,05/05/2024,Completed,High,T002,Task 002 of Road Expansion Project 004
P004,Road Expansion Project 004,Infrastructure,Texas,25/04/2024,10/05/2024,Completed,Medium,T003,Task 003 of Road Expansion Project 004
P005,Bridge Maintenance Project 005,Maintenance,Michigan,30/06/2024,31/07/2025,Behind,Medium,T001,Task 001 of Bridge Maintenance Project 005
P005,Bridge Maintenance Project 005,Maintenance,California,30/06/2024,02/08/2024,Behind,Medium,T002,Task 002 of Bridge Maintenance Project 005
P005,Bridge Maintenance Project 005,Maintenance,Virginia,30/06/2024,30/06/2025,Behind,High,T003,Task 003 of Bridge Maintenance Project 005
P006,Office Building Renovation Project 006,Renovation,Michigan,09/08/2024,11/09/2024,Behind,Low,T001,Task 001 of Office Building Renovation Project 006
P006,Office Building Renovation Project 006,Renovation,North Carolina,09/08/2024,11/09/2024,Behind,Medium,T002,Task 002 of Office Building Renovation Project 006
P006,Office Building Renovation Project 006,Renovation,Pennsylvania,09/08/2024,20/02/2025,Behind,High,T003,Task 003 of Office Building Renovation Project 006
P007,Apartment Complex Development Project 007,Other,California,06/08/2024,17/11/2024,On Track,High,T001,Task 001 of Apartment Complex Development Project 007
P007,Apartment Complex Development Project 007,Other,Florida,06/08/2024,29/11/2024,On Track,Medium,T002,Task 002 of Apartment Complex Development Project 007
P007,Apartment Complex Development Project 007,Other,Pennsylvania,06/08/2024,17/11/2024,On Track,Low,T003,Task 003 of Apartment Complex Development Project 007
P008,Commercial Center Construction Project 008,Construction,Illinois,17/04/2024,13/09/2024,On Track,Medium,T001,Task 001 of Commercial Center Construction Project 008
P008,Commercial Center Construction Project 008,Construction,Washington,17/04/2024,05/11/2024,On Track,Low,T002,Task 002 of Commercial Center Construction Project 008
P008,Commercial Center Construction Project 008,Construction,Georgia,17/04/2024,19/10/2024,On Track,High,T003,Task 003 of Commercial Center Construction Project 008
P009,Highway Reconstruction Project 009,Other,Texas,27/04/2024,28/04/2025,On Hold,High,T001,Task 001 of Highway Reconstruction Project 009
P009,Highway Reconstruction Project 009,Other,Virginia,27/04/2024,01/06/2025,On Hold,Medium,T002,Task 002 of Highway Reconstruction Project 009
P009,Highway Reconstruction Project 009,Other,Ohio,27/04/2024,26/05/2025,On Hold,Low,T003,Task 003 of Highway Reconstruction Project 009
P010,Airport Expansion Project 010,Other,New Jersey,14/02/2024,15/06/2024,On Track,High,T001,Task 001 of Airport Expansion Project 010
P010,Airport Expansion Project 010,Other,Ohio,14/02/2024,08/06/2024,On Track,High,T002,Task 002 of Airport Expansion Project 010
P010,Airport Expansion Project 010,Other,Ohio,14/02/2024,26/05/2024,On Track,Low,T003,Task 003 of Airport Expansion Project 010
P011,Shopping Mall Renovation Project 011,Renovation,Texas,08/05/2024,28/07/2024,Completed,High,T001,Task 001 of Shopping Mall Renovation Project 011
P011,Shopping Mall Renovation Project 011,Renovation,Georgia,08/05/2024,19/08/2024,Completed,High,T002,Task 002 of Shopping Mall Renovation Project 011
P011,Shopping Mall Renovation Project 011,Renovation,Florida,08/05/2024,01/08/2024,Completed,High,T003,Task 003 of Shopping Mall Renovation Project 011
P012,University Dormitory Construction Project 012,Construction,Georgia,27/01/2024,29/02/2024,Completed,High,T001,Task 001 of University Dormitory Construction Project 012
P012,University Dormitory Construction Project 012,Construction,Ohio,27/01/2024,29/02/2024,Completed,High,T002,Task 002 of University Dormitory Construction Project 012
P012,University Dormitory Construction Project 012,Construction,New York,27/01/2024,27/06/2025,Completed,Medium,T003,Task 003 of University Dormitory Construction Project 012
P013,Sports Stadium Upgrade Project 013,Other,Florida,09/02/2024,24/08/2024,On Hold,Medium,T001,Task 001 of Sports Stadium Upgrade Project 013
P013,Sports Stadium Upgrade Project 013,Other,Michigan,09/02/2024,06/07/2024,On Hold,Medium,T002,Task 002 of Sports Stadium Upgrade Project 013
P013,Sports Stadium Upgrade Project 013,Other,California,09/02/2024,28/07/2024,On Hold,Medium,T003,Task 003 of Sports Stadium Upgrade Project 013
P014,Public Library Renovation Project 014,Renovation,Ohio,30/07/2024,20/12/2024,Behind,Low,T001,Task 001 of Public Library Renovation Project 014
P014,Public Library Renovation Project 014,Renovation,Ohio,30/07/2024,30/01/2025,Behind,Low,T002,Task 002 of Public Library Renovation Project 014
P014,Public Library Renovation Project 014,Renovation,New Jersey,30/07/2024,29/12/2024,Behind,Medium,T003,Task 003 of Public Library Renovation Project 014
P015,Building a Park Project 015,Other,Georgia,17/03/2024,19/04/2024,On Hold,High,T001,Task 001 of Building a Park Project 015
P015,Building a Park Project 015,Other,New Jersey,17/03/2024,19/04/2024,On Hold,Medium,T002,Task 002 of Building a Park Project 015
P015,Building a Park Project 015,Other,North Carolina,17/03/2024,19/04/2024,On Hold,High,T003,Task 003 of Building a Park Project 015
P016,Renovation of a School Project 016,Renovation,Georgia,18/02/2024,25/09/2024,Completed,Medium,T001,Task 001 of Renovation of a School Project 016
P016,Renovation of a School Project 016,Renovation,Texas,18/02/2024,22/10/2024,Completed,High,T002,Task 002 of Renovation of a School Project 016
P016,Renovation of a School Project 016,Renovation,Florida,18/02/2024,15/09/2024,Completed,Medium,T003,Task 003 of Renovation of a School Project 016
P017,Innovation of a Classroom Project 017,Innovation,Virginia,02/04/2024,25/10/2024,On Track,Low,T001,Task 001 of Innovation of a Classroom Project 017
P017,Innovation of a Classroom Project 017,Innovation,Illinois,02/04/2024,23/09/2024,On Track,High,T002,Task 002 of Innovation of a Classroom Project 017
P017,Innovation of a Classroom Project 017,Innovation,Georgia,02/04/2024,14/10/2024,On Track,High,T003,Task 003 of Innovation of a Classroom Project 017
P018,Construction of a Hospital Wing Project 018,Construction,Ohio,09/02/2024,05/03/2024,Behind,Medium,T001,Task 001 of Construction of a Hospital Wing Project 018
P018,Construction of a Hospital Wing Project 018,Construction,North Carolina,09/02/2024,01/03/2024,Behind,Medium,T002,Task 002 of Construction of a Hospital Wing Project 018
P018,Construction of a Hospital Wing Project 018,Construction,Pennsylvania,09/02/2024,25/02/2024,Behind,Medium,T003,Task 003 of Construction of a Hospital Wing Project 018
P019,Road Expansion Project 019,Infrastructure,Texas,10/06/2024,30/12/2024,Behind,High,T001,Task 001 of Road Expansion Project 019
P019,Road Expansion Project 019,Infrastructure,Ohio,10/06/2024,25/09/2024,Behind,Medium,T002,Task 002 of Road Expansion Project 019
P019,Road Expansion Project 019,Infrastructure,Georgia,10/06/2024,24/12/2024,Behind,Medium,T003,Task 003 of Road Expansion Project 019
P020,Bridge Maintenance Project 020,Maintenance,Michigan,10/04/2024,03/07/2024,Completed,Medium,T001,Task 001 of Bridge Maintenance Project 020
P020,Bridge Maintenance Project 020,Maintenance,California,10/04/2024,02/08/2024,Completed,High,T002,Task 002 of Bridge Maintenance Project 020
P020,Bridge Maintenance Project 020,Maintenance,Michigan,10/04/2024,02/07/2024,Completed,High,T003,Task 003 of Bridge Maintenance Project 020
P021,Office Building Renovation Project 021,Renovation,North Carolina,21/03/2024,15/12/2024,Behind,High,T001,Task 001 of Office Building Renovation Project 021
P021,Office Building Renovation Project 021,Renovation,Michigan,21/03/2024,25/09/2024,Behind,High,T002,Task 002 of Office Building Renovation Project 021
P021,Office Building Renovation Project 021,Renovation,Georgia,21/03/2024,20/09/2024,Behind,High,T003,Task 003 of Office Building Renovation Project 021
P022,Apartment Complex Development Project 022,Other,Michigan,09/01/2024,11/04/2024,On Track,High,T001,Task 001 of Apartment Complex Development Project 022
P022,Apartment Complex Development Project 022,Other,California,09/01/2024,28/04/2024,On Track,Medium,T002,Task 002 of Apartment Complex Development Project 022
P022,Apartment Complex Development Project 022,Other,Virginia,09/01/2024,24/04/2024,On Track,High,T003,Task 003 of Apartment Complex Development Project 022
P023,Commercial Center Construction Project 023,Construction,Virginia,04/01/2024,18/05/2024,Behind,High,T001,Task 001 of Commercial Center Construction Project 023
P023,Commercial Center Construction Project 023,Construction,North Carolina,04/01/2024,01/06/2024,Behind,Medium,T002,Task 002 of Commercial Center Construction Project 023
P023,Commercial Center Construction Project 023,Construction,Illinois,04/01/2024,10/04/2024,Behind,Low,T003,Task 003 of Commercial Center Construction Project 023
P024,Highway Reconstruction Project 024,Other,Illinois,16/08/2024,29/08/2024,Completed,Medium,T001,Task 001 of Highway Reconstruction Project 024
P024,Highway Reconstruction Project 024,Other,Florida,16/08/2024,04/09/2024,Completed,Low,T002,Task 002 of Highway Reconstruction Project 024
P024,Highway Reconstruction Project 024,Other,Michigan,16/08/2024,01/09/2024,Completed,Medium,T003,Task 003 of Highway Reconstruction Project 024
P025,Airport Expansion Project 025,Other,Washington,05/05/2024,20/07/2024,On Hold,High,T001,Task 001 of Airport Expansion Project 025
P025,Airport Expansion Project 025,Other,New Jersey,05/05/2024,17/07/2024,On Hold,Low,T002,Task 002 of Airport Expansion Project 025
P025,Airport Expansion Project 025,Other,New York,05/05/2024,03/07/2024,On Hold,Medium,T003,Task 003 of Airport Expansion Project 025
P026,Shopping Mall Renovation Project 026,Renovation,Pennsylvania,08/07/2024,30/04/2025,On Hold,Low,T001,Task 001 of Shopping Mall Renovation Project 026
P026,Shopping Mall Renovation Project 026,Renovation,Illinois,08/07/2024,10/08/2024,On Hold,Medium,T002,Task 002 of Shopping Mall Renovation Project 026
P026,Shopping Mall Renovation Project 026,Renovation,Georgia,08/07/2024,06/04/2025,On Hold,High,T003,Task 003 of Shopping Mall Renovation Project 026
P027,University Dormitory Construction Project 027,Construction,Michigan,03/01/2024,28/12/2024,Completed,High,T001,Task 001 of University Dormitory Construction Project 027
P027,University Dormitory Construction Project 027,Construction,Washington,03/01/2024,22/03/2025,Completed,Low,T002,Task 002 of University Dormitory Construction Project 027
P027,University Dormitory Construction Project 027,Construction,Ohio,03/01/2024,19/01/2025,Completed,Medium,T003,Task 003 of University Dormitory Construction Project 027
P028,Sports Stadium Upgrade Project 028,Other,California,25/07/2024,19/01/2025,Behind,Medium,T001,Task 001 of Sports Stadium Upgrade Project 028
P028,Sports Stadium Upgrade Project 028,Other,California,25/07/2024,28/05/2025,Behind,Medium,T002,Task 002 of Sports Stadium Upgrade Project 028
P028,Sports Stadium Upgrade Project 028,Other,New York,25/07/2024,16/01/2025,Behind,Low,T003,Task 003 of Sports Stadium Upgrade Project 028
P029,Public Library Renovation Project 029,Renovation,North Carolina,10/04/2024,13/05/2024,On Track,Low,T001,Task 001 of Public Library Renovation Project 029
P029,Public Library Renovation Project 029,Renovation,Michigan,10/04/2024,21/12/2024,On Track,High,T002,Task 002 of Public Library Renovation Project 029
P029,Public Library Renovation Project 029,Renovation,Virginia,10/04/2024,23/01/2025,On Track,High,T003,Task 003 of Public Library Renovation Project 029
P030,Building a Park Project 030,Other,Washington,16/07/2024,29/07/2024,On Track,High,T001,Task 001 of Building a Park Project 030
P030,Building a Park Project 030,Other,Pennsylvania,16/07/2024,29/07/2024,On Track,High,T002,Task 002 of Building a Park Project 030
P030,Building a Park Project 030,Other,New York,16/07/2024,29/07/2024,On Track,High,T003,Task 003 of Building a Park Project 030
P031,Renovation of a School Project 031,Renovation,Illinois,19/03/2024,09/06/2024,On Track,High,T001,Task 001 of Renovation of a School Project 031
P031,Renovation of a School Project 031,Renovation,Georgia,19/03/2024,06/06/2024,On Track,High,T002,Task 002 of Renovation of a School Project 031
P031,Renovation of a School Project 031,Renovation,Georgia,19/03/2024,03/06/2024,On Track,Medium,T003,Task 003 of Renovation of a School Project 031
P032,Innovation of a Classroom Project 032,Innovation,New Jersey,02/05/2024,26/02/2025,On Hold,High,T001,Task 001 of Innovation of a Classroom Project 032
P032,Innovation of a Classroom Project 032,Innovation,New York,02/05/2024,16/04/2025,On Hold,Medium,T002,Task 002 of Innovation of a Classroom Project 032
P032,Innovation of a Classroom Project 032,Innovation,Washington,02/05/2024,24/03/2025,On Hold,Low,T003,Task 003 of Innovation of a Classroom Project 032
P033,Construction of a Hospital Wing Project 033,Construction,California,15/05/2024,25/09/2024,Behind,Low,T001,Task 001 of Construction of a Hospital Wing Project 033
P033,Construction of a Hospital Wing Project 033,Construction,Texas,15/05/2024,18/10/2024,Behind,High,T002,Task 002 of Construction of a Hospital Wing Project 033
P033,Construction of a Hospital Wing Project 033,Construction,New Jersey,15/05/2024,23/09/2024,Behind,High,T003,Task 003 of Construction of a Hospital Wing Project 033
P034,Road Expansion Project 034,Infrastructure,Florida,13/06/2024,01/09/2024,Behind,High,T001,Task 001 of Road Expansion Project 034
P034,Road Expansion Project 034,Infrastructure,Ohio,13/06/2024,17/08/2024,Behind,High,T002,Task 002 of Road Expansion Project 034
P034,Road Expansion Project 034,Infrastructure,Pennsylvania,13/06/2024,21/08/2024,Behind,High,T003,Task 003 of Road Expansion Project 034
P035,Bridge Maintenance Project 035,Maintenance,New Jersey,28/06/2024,31/07/2024,On Hold,Medium,T001,Task 001 of Bridge Maintenance Project 035
P035,Bridge Maintenance Project 035,Maintenance,Virginia,28/06/2024,31/07/2024,On Hold,Low,T002,Task 002 of Bridge Maintenance Project 035
P035,Bridge Maintenance Project 035,Maintenance,New Jersey,28/06/2024,26/04/2025,On Hold,High,T003,Task 003 of Bridge Maintenance Project 035
P036,Office Building Renovation Project 036,Renovation,Michigan,26/03/2024,10/07/2024,Behind,High,T001,Task 001 of Office Building Renovation Project 036
P036,Office Building Renovation Project 036,Renovation,Georgia,26/03/2024,29/07/2024,Behind,Medium,T002,Task 002 of Office Building Renovation Project 036
P036,Office Building Renovation Project 036,Renovation,California,26/03/2024,28/06/2024,Behind,High,T003,Task 003 of Office Building Renovation Project 036
P037,Apartment Complex Development Project 037,Other,Virginia,16/01/2024,31/07/2024,Behind,Medium,T001,Task 001 of Apartment Complex Development Project 037
P037,Apartment Complex Development Project 037,Other,Pennsylvania,16/01/2024,25/05/2024,Behind,High,T002,Task 002 of Apartment Complex Development Project 037
P037,Apartment Complex Development Project 037,Other,Illinois,16/01/2024,13/06/2024,Behind,High,T003,Task 003 of Apartment Complex Development Project 037
P038,Commercial Center Construction Project 038,Construction,Texas,15/01/2024,01/03/2024,Behind,Medium,T001,Task 001 of Commercial Center Construction Project 038
P038,Commercial Center Construction Project 038,Construction,Michigan,15/01/2024,19/03/2024,Behind,Low,T002,Task 002 of Commercial Center Construction Project 038
P038,Commercial Center Construction Project 038,Construction,Michigan,15/01/2024,04/03/2024,Behind,High,T003,Task 003 of Commercial Center Construction Project 038
P039,Highway Reconstruction Project 039,Other,Virginia,25/01/2024,23/03/2024,Completed,High,T001,Task 001 of Highway Reconstruction Project 039
P039,Highway Reconstruction Project 039,Other,Virginia,25/01/2024,31/03/2024,Completed,High,T002,Task 002 of Highway Reconstruction Project 039
P039,Highway Reconstruction Project 039,Other,Michigan,25/01/2024,03/04/2024,Completed,Medium,T003,Task 003 of Highway Reconstruction Project 039
P040,Airport Expansion Project 040,Other,Florida,26/01/2024,25/09/2024,Behind,Medium,T001,Task 001 of Airport Expansion Project 040
P040,Airport Expansion Project 040,Other,Virginia,26/01/2024,29/07/2024,Behind,Medium,T002,Task 002 of Airport Expansion Project 040
P040,Airport Expansion Project 040,Other,Michigan,26/01/2024,14/08/2024,Behind,High,T003,Task 003 of Airport Expansion Project 040
P041,Shopping Mall Renovation Project 041,Renovation,Pennsylvania,17/03/2024,21/03/2024,Completed,High,T001,Task 001 of Shopping Mall Renovation Project 041
P041,Shopping Mall Renovation Project 041,Renovation,Florida,17/03/2024,21/03/2024,Completed,Medium,T002,Task 002 of Shopping Mall Renovation Project 041
P041,Shopping Mall Renovation Project 041,Renovation,Georgia,17/03/2024,21/03/2024,Completed,Medium,T003,Task 003 of Shopping Mall Renovation Project 041
P042,University Dormitory Construction Project 042,Construction,North Carolina,31/01/2024,29/05/2024,Behind,High,T001,Task 001 of University Dormitory Construction Project 042
P042,University Dormitory Construction Project 042,Construction,California,31/01/2024,30/07/2024,Behind,High,T002,Task 002 of University Dormitory Construction Project 042
P042,University Dormitory Construction Project 042,Construction,New Jersey,31/01/2024,02/08/2024,Behind,Medium,T003,Task 003 of University Dormitory Construction Project 042
P043,Sports Stadium Upgrade Project 043,Other,California,05/01/2024,02/06/2024,On Track,High,T001,Task 001 of Sports Stadium Upgrade Project 043
P043,Sports Stadium Upgrade Project 043,Other,Virginia,05/01/2024,12/05/2024,On Track,High,T002,Task 002 of Sports Stadium Upgrade Project 043
P043,Sports Stadium Upgrade Project 043,Other,North Carolina,05/01/2024,23/06/2024,On Track,High,T003,Task 003 of Sports Stadium Upgrade Project 043
P044,Public Library Renovation Project 044,Renovation,Georgia,05/04/2024,30/07/2024,Behind,High,T001,Task 001 of Public Library Renovation Project 044
P044,Public Library Renovation Project 044,Renovation,New Jersey,05/04/2024,18/09/2024,Behind,Low,T002,Task 002 of Public Library Renovation Project 044
P044,Public Library Renovation Project 044,Renovation,Washington,05/04/2024,14/09/2024,Behind,High,T003,Task 003 of Public Library Renovation Project 044
P045,Building a Park Project 045,Other,Ohio,11/06/2024,14/07/2024,Completed,Medium,T001,Task 001 of Building a Park Project 045
P045,Building a Park Project 045,Other,Texas,11/06/2024,25/02/2025,Completed,High,T002,Task 002 of Building a Park Project 045
P045,Building a Park Project 045,Other,Virginia,11/06/2024,14/07/2024,Completed,Low,T003,Task 003 of Building a Park Project 045
P046,Renovation of a School Project 046,Renovation,California,13/06/2024,16/06/2024,Completed,High,T001,Task 001 of Renovation of a School Project 046
P046,Renovation of a School Project 046,Renovation,North Carolina,13/06/2024,16/06/2024,Completed,Medium,T002,Task 002 of Renovation of a School Project 046
P046,Renovation of a School Project 046,Renovation,Florida,13/06/2024,18/06/2024,Completed,High,T003,Task 003 of Renovation of a School Project 046
P047,Innovation of a Classroom Project 047,Innovation,Florida,27/06/2024,30/07/2024,On Hold,High,T001,Task 001 of Innovation of a Classroom Project 047
P047,Innovation of a Classroom Project 047,Innovation,Illinois,27/06/2024,09/01/2025,On Hold,High,T002,Task 002 of Innovation of a Classroom Project 047
P047,Innovation of a Classroom Project 047,Innovation,Pennsylvania,27/06/2024,25/09/2024,On Hold,High,T003,Task 003 of Innovation of a Classroom Project 047
P048,Construction of a Hospital Wing Project 048,Construction,Florida,09/06/2024,15/12/2024,Completed,High,T001,Task 001 of Construction of a Hospital Wing Project 048
P048,Construction of a Hospital Wing Project 048,Construction,Virginia,09/06/2024,31/10/2024,Completed,Low,T002,Task 002 of Construction of a Hospital Wing Project 048
P048,Construction of a Hospital Wing Project 048,Construction,Florida,09/06/2024,02/11/2024,Completed,Medium,T003,Task 003 of Construction of a Hospital Wing Project 048
P049,Road Expansion Project 049,Infrastructure,Pennsylvania,02/07/2024,11/08/2024,Completed,Medium,T001,Task 001 of Road Expansion Project 049
P049,Road Expansion Project 049,Infrastructure,Texas,02/07/2024,13/08/2024,Completed,Low,T002,Task 002 of Road Expansion Project 049
P049,Road Expansion Project 049,Infrastructure,New York,02/07/2024,23/08/2024,Completed,Medium,T003,Task 003 of Road Expansion Project 049
P050,Bridge Maintenance Project 050,Maintenance,Illinois,12/06/2024,22/07/2024,On Track,High,T001,Task 001 of Bridge Maintenance Project 050
P050,Bridge Maintenance Project 050,Maintenance,Virginia,12/06/2024,25/07/2024,On Track,High,T002,Task 002 of Bridge Maintenance Project 050
P050,Bridge Maintenance Project 050,Maintenance,Pennsylvania,12/06/2024,31/07/2024,On Track,High,T003,Task 003 of Bridge Maintenance Project 050
P051,Office Building Renovation Project 051,Renovation,Ohio,23/03/2024,12/12/2024,Behind,Low,T001,Task 001 of Office Building Renovation Project 051
P051,Office Building Renovation Project 051,Renovation,Virginia,23/03/2024,25/09/2024,Behind,High,T002,Task 002 of Office Building Renovation Project 051
P051,Office Building Renovation Project 051,Renovation,Florida,23/03/2024,21/10/2024,Behind,High,T003,Task 003 of Office Building Renovation Project 051
P052,Apartment Complex Development Project 052,Other,Virginia,27/05/2024,27/07/2025,On Hold,Low,T001,Task 001 of Apartment Complex Development Project 052
P052,Apartment Complex Development Project 052,Other,Ohio,27/05/2024,11/06/2025,On Hold,Low,T002,Task 002 of Apartment Complex Development Project 052
P052,Apartment Complex Development Project 052,Other,Illinois,27/05/2024,22/08/2025,On Hold,High,T003,Task 003 of Apartment Complex Development Project 052
P053,Commercial Center Construction Project 053,Construction,Texas,18/06/2024,27/11/2024,On Track,Low,T001,Task 001 of Commercial Center Construction Project 053
P053,Commercial Center Construction Project 053,Construction,New Jersey,18/06/2024,21/10/2024,On Track,High,T002,Task 002 of Commercial Center Construction Project 053
P053,Commercial Center Construction Project 053,Construction,Ohio,18/06/2024,07/11/2024,On Track,High,T003,Task 003 of Commercial Center Construction Project 053
P054,Highway Reconstruction Project 054,Other,New Jersey,15/04/2024,26/12/2024,Behind,High,T001,Task 001 of Highway Reconstruction Project 054
P054,Highway Reconstruction Project 054,Other,California,15/04/2024,06/03/2025,Behind,High,T002,Task 002 of Highway Reconstruction Project 054
P054,Highway Reconstruction Project 054,Other,New York,15/04/2024,29/04/2025,Behind,Low,T003,Task 003 of Highway Reconstruction Project 054
P055,Airport Expansion Project 055,Other,Virginia,28/08/2024,21/04/2025,On Hold,High,T001,Task 001 of Airport Expansion Project 055
P055,Airport Expansion Project 055,Other,Illinois,28/08/2024,28/08/2025,On Hold,High,T002,Task 002 of Airport Expansion Project 055
P055,Airport Expansion Project 055,Other,Michigan,28/08/2024,05/09/2025,On Hold,High,T003,Task 003 of Airport Expansion Project 055
P056,Shopping Mall Renovation Project 056,Renovation,Pennsylvania,15/08/2024,25/09/2024,Completed,High,T001,Task 001 of Shopping Mall Renovation Project 056
P056,Shopping Mall Renovation Project 056,Renovation,California,15/08/2024,02/11/2024,Completed,Low,T002,Task 002 of Shopping Mall Renovation Project 056
P056,Shopping Mall Renovation Project 056,Renovation,Florida,15/08/2024,04/11/2024,Completed,High,T003,Task 003 of Shopping Mall Renovation Project 056
P057,University Dormitory Construction Project 057,Construction,North Carolina,23/03/2024,15/06/2025,On Track,Medium,T001,Task 001 of University Dormitory Construction Project 057
P057,University Dormitory Construction Project 057,Construction,New York,23/03/2024,25/04/2024,On Track,High,T002,Task 002 of University Dormitory Construction Project 057
P057,University Dormitory Construction Project 057,Construction,California,23/03/2024,29/12/2024,On Track,Low,T003,Task 003 of University Dormitory Construction Project 057
P058,Sports Stadium Upgrade Project 058,Other,New Jersey,24/07/2024,26/08/2024,On Hold,High,T001,Task 001 of Sports Stadium Upgrade Project 058
P058,Sports Stadium Upgrade Project 058,Other,Georgia,24/07/2024,04/09/2025,On Hold,Low,T002,Task 002 of Sports Stadium Upgrade Project 058
P058,Sports Stadium Upgrade Project 058,Other,Georgia,24/07/2024,06/07/2025,On Hold,Low,T003,Task 003 of Sports Stadium Upgrade Project 058
P059,Public Library Renovation Project 059,Renovation,North Carolina,08/02/2024,31/08/2024,On Hold,High,T001,Task 001 of Public Library Renovation Project 059
P059,Public Library Renovation Project 059,Renovation,Pennsylvania,08/02/2024,24/07/2024,On Hold,High,T002,Task 002 of Public Library Renovation Project 059
P059,Public Library Renovation Project 059,Renovation,Ohio,08/02/2024,13/07/2024,On Hold,High,T003,Task 003 of Public Library Renovation Project 059
P060,Building a Park Project 060,Other,Georgia,04/07/2024,16/11/2024,On Hold,Medium,T001,Task 001 of Building a Park Project 060
P060,Building a Park Project 060,Other,Texas,04/07/2024,25/09/2024,On Hold,High,T002,Task 002 of Building a Park Project 060
P060,Building a Park Project 060,Other,Washington,04/07/2024,26/10/2024,On Hold,High,T003,Task 003 of Building a Park Project 060
P061,Renovation of a School Project 061,Renovation,Georgia,14/06/2024,05/05/2025,On Hold,Low,T001,Task 001 of Renovation of a School Project 061
P061,Renovation of a School Project 061,Renovation,New Jersey,14/06/2024,21/05/2025,On Hold,Medium,T002,Task 002 of Renovation of a School Project 061
P061,Renovation of a School Project 061,Renovation,New Jersey,14/06/2024,07/09/2025,On Hold,Medium,T003,Task 003 of Renovation of a School Project 061
P062,Innovation of a Classroom Project 062,Innovation,Washington,27/07/2024,24/03/2025,On Hold,High,T001,Task 001 of Innovation of a Classroom Project 062
P062,Innovation of a Classroom Project 062,Innovation,New York,27/07/2024,25/09/2024,On Hold,High,T002,Task 002 of Innovation of a Classroom Project 062
P062,Innovation of a Classroom Project 062,Innovation,New York,27/07/2024,22/02/2025,On Hold,High,T003,Task 003 of Innovation of a Classroom Project 062
P063,Construction of a Hospital Wing Project 063,Construction,Pennsylvania,16/07/2024,07/01/2025,On Track,High,T001,Task 001 of Construction of a Hospital Wing Project 063
P063,Construction of a Hospital Wing Project 063,Construction,California,16/07/2024,18/08/2024,On Track,High,T002,Task 002 of Construction of a Hospital Wing Project 063
P063,Construction of a Hospital Wing Project 063,Construction,Florida,16/07/2024,11/04/2025,On Track,Low,T003,Task 003 of Construction of a Hospital Wing Project 063
P064,Road Expansion Project 064,Infrastructure,Texas,22/06/2024,25/09/2024,Behind,Low,T001,Task 001 of Road Expansion Project 064
P064,Road Expansion Project 064,Infrastructure,Illinois,22/06/2024,25/07/2024,Behind,Medium,T002,Task 002 of Road Expansion Project 064
P064,Road Expansion Project 064,Infrastructure,Virginia,22/06/2024,25/09/2024,Behind,High,T003,Task 003 of Road Expansion Project 064
P065,Bridge Maintenance Project 065,Maintenance,New York,06/01/2024,08/02/2024,On Track,High,T001,Task 001 of Bridge Maintenance Project 065
P065,Bridge Maintenance Project 065,Maintenance,Florida,06/01/2024,25/10/2024,On Track,Medium,T002,Task 002 of Bridge Maintenance Project 065
P065,Bridge Maintenance Project 065,Maintenance,North Carolina,06/01/2024,30/09/2024,On Track,High,T003,Task 003 of Bridge Maintenance Project 065
P066,Office Building Renovation Project 066,Renovation,Georgia,04/05/2024,23/11/2024,Completed,High,T001,Task 001 of Office Building Renovation Project 066
P066,Office Building Renovation Project 066,Renovation,Georgia,04/05/2024,06/11/2024,Completed,High,T002,Task 002 of Office Building Renovation Project 066
P066,Office Building Renovation Project 066,Renovation,North Carolina,04/05/2024,13/09/2024,Completed,Medium,T003,Task 003 of Office Building Renovation Project 066
P067,Apartment Complex Development Project 067,Other,Washington,30/01/2024,12/01/2025,Completed,Low,T001,Task 001 of Apartment Complex Development Project 067
P067,Apartment Complex Development Project 067,Other,Texas,30/01/2024,26/12/2024,Completed,Medium,T002,Task 002 of Apartment Complex Development Project 067
P067,Apartment Complex Development Project 067,Other,New York,30/01/2024,03/03/2024,Completed,High,T003,Task 003 of Apartment Complex Development Project 067
P068,Commercial Center Construction Project 068,Construction,New York,30/01/2024,28/05/2025,Behind,Low,T001,Task 001 of Commercial Center Construction Project 068
P068,Commercial Center Construction Project 068,Construction,Illinois,30/01/2024,13/02/2025,Behind,Low,T002,Task 002 of Commercial Center Construction Project 068
P068,Commercial Center Construction Project 068,Construction,California,30/01/2024,03/03/2024,Behind,High,T003,Task 003 of Commercial Center Construction Project 068
P069,Highway Reconstruction Project 069,Other,Washington,25/02/2024,01/03/2025,On Track,High,T001,Task 001 of Highway Reconstruction Project 069
P069,Highway Reconstruction Project 069,Other,North Carolina,25/02/2024,14/08/2025,On Track,High,T002,Task 002 of Highway Reconstruction Project 069
P069,Highway Reconstruction Project 069,Other,North Carolina,25/02/2024,08/08/2025,On Track,Low,T003,Task 003 of Highway Reconstruction Project 069
P070,Airport Expansion Project 070,Other,California,28/02/2024,23/06/2025,Behind,High,T001,Task 001 of Airport Expansion Project 070
P070,Airport Expansion Project 070,Other,Michigan,28/02/2024,27/09/2025,Behind,High,T002,Task 002 of Airport Expansion Project 070
P070,Airport Expansion Project 070,Other,Florida,28/02/2024,01/04/2024,Behind,High,T003,Task 003 of Airport Expansion Project 070
P071,Shopping Mall Renovation Project 071,Renovation,Virginia,10/02/2024,18/02/2024,On Track,High,T001,Task 001 of Shopping Mall Renovation Project 071
P071,Shopping Mall Renovation Project 071,Renovation,Texas,10/02/2024,19/02/2024,On Track,High,T002,Task 002 of Shopping Mall Renovation Project 071
P071,Shopping Mall Renovation Project 071,Renovation,Pennsylvania,10/02/2024,17/02/2024,On Track,High,T003,Task 003 of Shopping Mall Renovation Project 071
P072,University Dormitory Construction Project 072,Construction,Ohio,23/04/2024,27/05/2025,On Hold,High,T001,Task 001 of University Dormitory Construction Project 072
P072,University Dormitory Construction Project 072,Construction,Georgia,23/04/2024,26/05/2024,On Hold,High,T002,Task 002 of University Dormitory Construction Project 072
P072,University Dormitory Construction Project 072,Construction,New Jersey,23/04/2024,09/06/2025,On Hold,Medium,T003,Task 003 of University Dormitory Construction Project 072
P073,Sports Stadium Upgrade Project 073,Other,Texas,06/05/2024,23/09/2024,Behind,Low,T001,Task 001 of Sports Stadium Upgrade Project 073
P073,Sports Stadium Upgrade Project 073,Other,Virginia,06/05/2024,22/08/2024,Behind,High,T002,Task 002 of Sports Stadium Upgrade Project 073
P073,Sports Stadium Upgrade Project 073,Other,Texas,06/05/2024,14/09/2024,Behind,High,T003,Task 003 of Sports Stadium Upgrade Project 073
P074,Public Library Renovation Project 074,Renovation,New York,21/05/2024,26/07/2024,Behind,High,T001,Task 001 of Public Library Renovation Project 074
P074,Public Library Renovation Project 074,Renovation,Washington,21/05/2024,01/08/2024,Behind,High,T002,Task 002 of Public Library Renovation Project 074
P074,Public Library Renovation Project 074,Renovation,Texas,21/05/2024,17/07/2024,Behind,High,T003,Task 003 of Public Library Renovation Project 074
P075,Building a Park Project 075,Other,Texas,11/05/2024,13/06/2024,Behind,Medium,T001,Task 001 of Building a Park Project 075
P075,Building a Park Project 075,Other,Washington,11/05/2024,12/09/2025,Behind,Medium,T002,Task 002 of Building a Park Project 075
P075,Building a Park Project 075,Other,Virginia,11/05/2024,26/07/2025,Behind,Medium,T003,Task 003 of Building a Park Project 075
P076,Renovation of a School Project 076,Renovation,Michigan,11/07/2024,01/08/2024,On Track,High,T001,Task 001 of Renovation of a School Project 076
P076,Renovation of a School Project 076,Renovation,New York,11/07/2024,11/08/2024,On Track,Medium,T002,Task 002 of Renovation of a School Project 076
P076,Renovation of a School Project 076,Renovation,Ohio,11/07/2024,01/08/2024,On Track,High,T003,Task 003 of Renovation of a School Project 076
P077,Innovation of a Classroom Project 077,Innovation,California,09/04/2024,07/02/2025,On Hold,Medium,T001,Task 001 of Innovation of a Classroom Project 077
P077,Innovation of a Classroom Project 077,Innovation,Virginia,09/04/2024,12/05/2024,On Hold,High,T002,Task 002 of Innovation of a Classroom Project 077
P077,Innovation of a Classroom Project 077,Innovation,Florida,09/04/2024,13/03/2025,On Hold,Low,T003,Task 003 of Innovation of a Classroom Project 077
P078,Construction of a Hospital Wing Project 078,Construction,Michigan,26/01/2024,19/04/2024,On Hold,High,T001,Task 001 of Construction of a Hospital Wing Project 078
P078,Construction of a Hospital Wing Project 078,Construction,New Jersey,26/01/2024,18/03/2024,On Hold,High,T002,Task 002 of Construction of a Hospital Wing Project 078
P078,Construction of a Hospital Wing Project 078,Construction,Pennsylvania,26/01/2024,09/04/2024,On Hold,Medium,T003,Task 003 of Construction of a Hospital Wing Project 078
P079,Road Expansion Project 079,Infrastructure,California,22/04/2024,13/01/2025,Completed,High,T001,Task 001 of Road Expansion Project 079
P079,Road Expansion Project 079,Infrastructure,Florida,22/04/2024,15/03/2025,Completed,High,T002,Task 002 of Road Expansion Project 079
P079,Road Expansion Project 079,Infrastructure,New York,22/04/2024,25/05/2024,Completed,Medium,T003,Task 003 of Road Expansion Project 079
P080,Bridge Maintenance Project 080,Maintenance,Ohio,16/04/2024,09/07/2024,On Track,High,T001,Task 001 of Bridge Maintenance Project 080
P080,Bridge Maintenance Project 080,Maintenance,New Jersey,16/04/2024,23/06/2024,On Track,Low,T002,Task 002 of Bridge Maintenance Project 080
P080,Bridge Maintenance Project 080,Maintenance,Texas,16/04/2024,06/07/2024,On Track,Medium,T003,Task 003 of Bridge Maintenance Project 080
P081,Office Building Renovation Project 081,Renovation,Pennsylvania,31/05/2024,04/01/2025,On Track,High,T001,Task 001 of Office Building Renovation Project 081
P081,Office Building Renovation Project 081,Renovation,Virginia,31/05/2024,03/03/2025,On Track,Medium,T002,Task 002 of Office Building Renovation Project 081
P081,Office Building Renovation Project 081,Renovation,North Carolina,31/05/2024,03/07/2024,On Track,High,T003,Task 003 of Office Building Renovation Project 081
P082,Apartment Complex Development Project 082,Other,Ohio,01/07/2024,12/03/2025,On Track,Medium,T001,Task 001 of Apartment Complex Development Project 082
P082,Apartment Complex Development Project 082,Other,Florida,01/07/2024,25/09/2024,On Track,Medium,T002,Task 002 of Apartment Complex Development Project 082
P082,Apartment Complex Development Project 082,Other,Pennsylvania,01/07/2024,17/03/2025,On Track,High,T003,Task 003 of Apartment Complex Development Project 082
P083,Commercial Center Construction Project 083,Construction,Michigan,20/03/2024,05/06/2024,Behind,Medium,T001,Task 001 of Commercial Center Construction Project 083
P083,Commercial Center Construction Project 083,Construction,New York,20/03/2024,25/05/2024,Behind,High,T002,Task 002 of Commercial Center Construction Project 083
P083,Commercial Center Construction Project 083,Construction,Georgia,20/03/2024,15/06/2024,Behind,High,T003,Task 003 of Commercial Center Construction Project 083
P084,Highway Reconstruction Project 084,Other,Georgia,09/06/2024,08/05/2025,On Hold,Low,T001,Task 001 of Highway Reconstruction Project 084
P084,Highway Reconstruction Project 084,Other,North Carolina,09/06/2024,19/04/2025,On Hold,Medium,T002,Task 002 of Highway Reconstruction Project 084
P084,Highway Reconstruction Project 084,Other,North Carolina,09/06/2024,25/03/2025,On Hold,High,T003,Task 003 of Highway Reconstruction Project 084
P085,Airport Expansion Project 085,Other,Virginia,03/08/2024,18/11/2024,Completed,Low,T001,Task 001 of Airport Expansion Project 085
P085,Airport Expansion Project 085,Other,Illinois,03/08/2024,25/09/2024,Completed,High,T002,Task 002 of Airport Expansion Project 085
P085,Airport Expansion Project 085,Other,New Jersey,03/08/2024,19/11/2024,Completed,High,T003,Task 003 of Airport Expansion Project 085
P086,Shopping Mall Renovation Project 086,Renovation,Pennsylvania,29/01/2024,10/12/2024,Completed,High,T001,Task 001 of Shopping Mall Renovation Project 086
P086,Shopping Mall Renovation Project 086,Renovation,Pennsylvania,29/01/2024,25/09/2024,Completed,High,T002,Task 002 of Shopping Mall Renovation Project 086
P086,Shopping Mall Renovation Project 086,Renovation,Virginia,29/01/2024,17/10/2024,Completed,High,T003,Task 003 of Shopping Mall Renovation Project 086
P087,University Dormitory Construction Project 087,Construction,California,17/02/2024,11/09/2025,On Track,High,T001,Task 001 of University Dormitory Construction Project 087
P087,University Dormitory Construction Project 087,Construction,New York,17/02/2024,07/10/2025,On Track,Medium,T002,Task 002 of University Dormitory Construction Project 087
P087,University Dormitory Construction Project 087,Construction,North Carolina,17/02/2024,06/10/2025,On Track,High,T003,Task 003 of University Dormitory Construction Project 087
P088,Sports Stadium Upgrade Project 088,Other,Georgia,21/07/2024,13/02/2025,Completed,High,T001,Task 001 of Sports Stadium Upgrade Project 088
P088,Sports Stadium Upgrade Project 088,Other,Virginia,21/07/2024,02/02/2025,Completed,Medium,T002,Task 002 of Sports Stadium Upgrade Project 088
P088,Sports Stadium Upgrade Project 088,Other,Washington,21/07/2024,21/12/2024,Completed,High,T003,Task 003 of Sports Stadium Upgrade Project 088
P089,Public Library Renovation Project 089,Renovation,Georgia,26/05/2024,06/05/2025,On Track,Medium,T001,Task 001 of Public Library Renovation Project 089
P089,Public Library Renovation Project 089,Renovation,Washington,26/05/2024,18/07/2025,On Track,High,T002,Task 002 of Public Library Renovation Project 089
P089,Public Library Renovation Project 089,Renovation,Washington,26/05/2024,28/06/2024,On Track,Medium,T003,Task 003 of Public Library Renovation Project 089
P090,Building a Park Project 090,Other,Michigan,11/06/2024,14/07/2024,Completed,High,T001,Task 001 of Building a Park Project 090
P090,Building a Park Project 090,Other,North Carolina,11/06/2024,01/09/2025,Completed,Low,T002,Task 002 of Building a Park Project 090
P090,Building a Park Project 090,Other,Georgia,11/06/2024,21/10/2025,Completed,High,T003,Task 003 of Building a Park Project 090
P091,Renovation of a School Project 091,Renovation,Michigan,22/05/2024,24/06/2024,On Hold,High,T001,Task 001 of Renovation of a School Project 091
P091,Renovation of a School Project 091,Renovation,Michigan,22/05/2024,13/03/2025,On Hold,Medium,T002,Task 002 of Renovation of a School Project 091
P091,Renovation of a School Project 091,Renovation,New York,22/05/2024,21/03/2025,On Hold,Low,T003,Task 003 of Renovation of a School Project 091
P092,Innovation of a Classroom Project 092,Innovation,California,03/03/2024,26/11/2024,Completed,Medium,T001,Task 001 of Innovation of a Classroom Project 092
P092,Innovation of a Classroom Project 092,Innovation,Illinois,03/03/2024,25/09/2024,Completed,Medium,T002,Task 002 of Innovation of a Classroom Project 092
P092,Innovation of a Classroom Project 092,Innovation,Georgia,03/03/2024,25/09/2024,Completed,High,T003,Task 003 of Innovation of a Classroom Project 092
P093,Construction of a Hospital Wing Project 093,Construction,Virginia,19/08/2024,21/09/2024,Completed,Low,T001,Task 001 of Construction of a Hospital Wing Project 093
P093,Construction of a Hospital Wing Project 093,Construction,Illinois,19/08/2024,19/04/2025,Completed,Low,T002,Task 002 of Construction of a Hospital Wing Project 093
P093,Construction of a Hospital Wing Project 093,Construction,Georgia,19/08/2024,21/09/2024,Completed,Low,T003,Task 003 of Construction of a Hospital Wing Project 093
P094,Road Expansion Project 094,Infrastructure,North Carolina,28/06/2024,06/10/2024,Behind,High,T001,Task 001 of Road Expansion Project 094
P094,Road Expansion Project 094,Infrastructure,Illinois,28/06/2024,29/09/2024,Behind,High,T002,Task 002 of Road Expansion Project 094
P094,Road Expansion Project 094,Infrastructure,Virginia,28/06/2024,23/09/2024,Behind,Medium,T003,Task 003 of Road Expansion Project 094
P095,Bridge Maintenance Project 095,Maintenance,Ohio,17/02/2024,02/08/2024,Behind,Medium,T001,Task 001 of Bridge Maintenance Project 095
P095,Bridge Maintenance Project 095,Maintenance,Illinois,17/02/2024,29/06/2024,Behind,Low,T002,Task 002 of Bridge Maintenance Project 095
P095,Bridge Maintenance Project 095,Maintenance,New Jersey,17/02/2024,27/07/2024,Behind,High,T003,Task 003 of Bridge Maintenance Project 095
P096,Office Building Renovation Project 096,Renovation,Georgia,03/03/2024,06/05/2025,On Track,Low,T001,Task 001 of Office Building Renovation Project 096
P096,Office Building Renovation Project 096,Renovation,Illinois,03/03/2024,05/01/2025,On Track,Medium,T002,Task 002 of Office Building Renovation Project 096
P096,Office Building Renovation Project 096,Renovation,Ohio,03/03/2024,09/03/2025,On Track,High,T003,Task 003 of Office Building Renovation Project 096
P097,Apartment Complex Development Project 097,Other,Washington,08/06/2024,08/12/2024,Behind,High,T001,Task 001 of Apartment Complex Development Project 097
P097,Apartment Complex Development Project 097,Other,Florida,08/06/2024,08/03/2025,Behind,Medium,T002,Task 002 of Apartment Complex Development Project 097
P097,Apartment Complex Development Project 097,Other,Virginia,08/06/2024,21/12/2024,Behind,High,T003,Task 003 of Apartment Complex Development Project 097
P098,Commercial Center Construction Project 098,Construction,Illinois,15/08/2024,23/01/2025,Completed,Medium,T001,Task 001 of Commercial Center Construction Project 098
P098,Commercial Center Construction Project 098,Construction,Texas,15/08/2024,28/01/2025,Completed,Medium,T002,Task 002 of Commercial Center Construction Project 098
P098,Commercial Center Construction Project 098,Construction,Michigan,15/08/2024,27/04/2025,Completed,High,T003,Task 003 of Commercial Center Construction Project 098
P099,Highway Reconstruction Project 099,Other,New Jersey,31/05/2024,22/12/2024,Completed,Medium,T001,Task 001 of Highway Reconstruction Project 099
P099,Highway Reconstruction Project 099,Other,New York,31/05/2024,01/03/2025,Completed,High,T002,Task 002 of Highway Reconstruction Project 099
P099,Highway Reconstruction Project 099,Other,Florida,31/05/2024,11/03/2025,Completed,High,T003,Task 003 of Highway Reconstruction Project 099
P100,Airport Expansion Project 100,Other,Virginia,08/08/2024,02/09/2024,On Track,Medium,T001,Task 001 of Airport Expansion Project 100
P100,Airport Expansion Project 100,Other,Pennsylvania,08/08/2024,30/08/2024,On Track,Medium,T002,Task 002 of Airport Expansion Project 100
P100,Airport Expansion Project 100,Other,Virginia,08/08/2024,30/08/2024,On Track,Medium,T003,Task 003 of Airport Expansion Project 100
